Price,Close,High,Low,Open,Volume,RSI,SMA20,SMA50,MACD,Signal_Line,Signal,Position,Return,Strategy_Return,Cumulative_Market_Return,Cumulative_Strategy_Return
Ticker,,,,,,,,,,,0,0,0.0,0.0,1.0,1.0
Date,,,,,,,,,,,0,0,0.0,0.0,1.0,1.0
2025-04-21,3269.0087890625,3300.895699711744,3232.102531239247,3238.007532490968,2432946.0,,,,0.0,0.0,0,0,0.0,0.0,1.0,1.0
2025-04-22,3261.922607421875,3281.113861561047,3242.8298660806427,3269.99296804921,2710498.0,,,,-0.5652794471152447,-0.1130558894230489,0,0,-0.0021676850990226537,-0.0,0.9978323149009773,1.0
2025-04-23,3358.961669921875,3366.736492414926,3284.460282754783,3311.7216581562,3543923.0,,,,6.739287560952107,1.2574128006519822,0,0,0.029749038888662316,0.0,1.0275168672413304,1.0
2025-04-24,3347.7421875,3358.469510485716,3334.0621235706053,3347.25010405524,2252175.0,,,,11.49043647594408,3.3040175357104014,0,0,-0.0033401638733603356,-0.0,1.0240847925221026,1.0
2025-04-25,3393.40771484375,3422.735938624516,3351.0885351052693,3365.851039665205,2742991.0,,,,18.72473553960253,6.388161136488828,0,0,0.013640694171211498,0.0,1.0380540199822852,1.0
2025-04-28,3388.978515625,3403.05214950068,3351.088092261689,3380.6130974798534,1593296.0,,,,23.82591993339929,9.875712895870922,0,0,-0.0013052363850578619,-0.0,1.0366991141057487,1.0
2025-04-29,3417.51953125,3439.663286312095,3376.086009001543,3400.296610646148,1578332.0,,,,29.827830093116063,13.86613633531995,0,0,0.008421716305786697,0.0,1.0454298999392078,1.0
2025-04-30,3399.017333984375,3454.32746830495,3312.7059408589703,3417.027637154589,2809332.0,,,,32.71430430995952,17.635769930247864,0,0,-0.00541392583025202,-0.0,1.0397700200002091,1.0
2025-05-02,3376.6767578125,3436.218857447492,3365.8509215152285,3417.027602193238,1721761.0,,,,32.820820149217525,20.672779974041795,0,0,-0.006572657323193787,-0.0,1.0329359679638175,1.0
2025-05-05,3399.60791015625,3449.013042507524,3391.832847162291,3395.375944257656,1284443.0,,,,34.35951200341742,23.41012637991692,0,0,0.006791041603462666,0.0,1.0399506790959727,1.0
2025-05-06,3405.217529296875,3418.011699204638,3382.5816902292945,3405.217529296875,1324763.0,,,,35.620969404639254,25.852294984861388,0,0,0.001650078270457822,0.0,1.0416666791138969,1.0
2025-05-07,3390.553466796875,3404.7253739778457,3366.4413778642383,3366.4413778642383,1477128.0,71.85834600014226,,,35.03357099357754,27.688550186604623,-1,-1,-0.004306351172527867,-0.0,1.0371808965889115,1.0
2025-05-08,3394.293212890625,3421.948399604324,3374.4130890526376,3393.4075587678194,2543591.0,72.23185437228852,,,34.472442912690894,29.04532873182188,-1,-1,0.0011029898600252164,-0.0011029898600252164,1.038324896600861,0.9988970101399748
2025-05-09,3385.82958984375,3391.636078710749,3344.297792808673,3345.1834469493565,2531757.0,70.12545550594388,,,32.96480348475052,29.82922368240761,-1,-1,-0.002493486129817035,0.002493486129817035,1.035735847872943,1.0013877459798746
2025-05-12,3563.077880859375,3573.018063028258,3446.7493970179844,3449.505112495261,2228678.0,81.45260306967266,,,45.54740203692927,32.97285935331194,-1,-1,0.052350033075292624,-0.052350033075292624,1.0899566537663579,0.9489650643566354
2025-05-13,3459.3466796875,3565.636705692123,3454.9179286039744,3563.077775622703,3062887.0,67.49826347940302,,,46.61165092835154,35.700617668319865,0,-1,-0.029112807701766052,0.029112807701766052,1.0582249553019976,0.9765921017909441
2025-05-14,3492.51318359375,3504.618485051228,3453.0482333329505,3465.251807319678,2119499.0,63.348418497896326,,,49.5600382525754,38.47250178517098,0,-1,0.009587505091928517,-0.009587505091928517,1.0683706924493612,0.9672290200422863
2025-05-15,3523.21923828125,3543.001090479818,3458.4612439031466,3507.57107957502,3548330.0,66.88127392723771,,,53.7547274047156,41.52894690907991,0,-1,0.008791965290709136,-0.008791965290709136,1.077763770494987,0.9587251760699079
2025-05-16,3504.91357421875,3536.997270491984,3489.954285627693,3536.997270491984,1666727.0,61.323175907781895,,,54.96829439465773,44.21681640619548,0,-1,-0.005195720965531003,0.005195720965531003,1.0721640106767365,0.9637064445673966
2025-05-19,3463.08642578125,3493.792384030949,3448.2254099532133,3493.792384030949,2537377.0,56.99425705287548,3409.7446899414062,,51.95603681176726,45.76466048730984,0,-1,-0.011933860151408515,0.011933860151408515,1.0593689553139471,0.9752071825038751
2025-05-20,3442.911376953125,3501.666097309959,3438.6794109052826,3475.8809706180728,2038374.0,52.43491709271765,3418.439819335937,,47.39450874986005,46.090630139819886,0,-1,-0.005825742227491104,0.005825742227491104,1.0531973448564815,0.9808884881675406
2025-05-21,3469.975830078125,3480.998451703358,3442.911239345345,3452.457610566972,1440153.0,56.694536961539,3428.84248046875,,45.43954132956469,45.96041237776885,0,-1,0.007860920645872405,-0.007860920645872405,1.061476445608842,0.9731778015996058
2025-05-22,3421.948486328125,3442.4192069502,3396.655443759444,3439.663491434224,2034383.0,54.07369035708967,3431.9918212890625,,39.55880107059102,44.68009011633328,0,-1,-0.013840829476013616,0.013840829476013616,1.0467847311323648,0.9866473896013879
2025-05-23,3458.952880859375,3479.0297883369053,3410.7287055754973,3421.9481114702744,1274331.0,55.20813737585313,3437.552355957031,,37.45248845342576,43.23456978375178,0,-1,0.010813837402607218,-0.010813837402607218,1.058104491010362,0.9759779451565316
2025-05-26,3481.293701171875,3488.871738416089,3454.524408949068,3465.2517322885897,967470.0,56.48600133713103,3441.946655273437,,37.15760824036533,42.01917747507449,0,-1,0.006458839157979401,-0.006458839157979401,1.0649386177301337,0.9696742605870303
2025-05-27,3443.304931640625,3483.951075577389,3427.952071065876,3476.0777398133723,2467680.0,54.32538627599196,3444.662976074219,,33.472685053960504,40.3098789908517,0,-1,-0.010912256417337618,0.010912256417337618,1.0533177344647373,0.9802555947598482
2025-05-28,3442.32080078125,3473.1252753361427,3437.6952640263944,3464.267772508705,1222933.0,53.95592599608512,3445.903039550781,,30.12567570769352,38.27303833422007,0,-1,-0.0002858099642386591,0.0002858099642386591,1.053016685760718,0.9805357615763313
2025-05-29,3442.714599609375,3476.5698475204663,3431.2981665619545,3449.20995749486,3188072.0,54.748619747244085,3448.0879028320314,,27.191476545680416,36.05672597651214,0,-1,0.00011439922392919577,-0.00011439922392919577,1.0531371500523534,0.9804235890461721
2025-05-30,3408.563720703125,3451.1781977204464,3398.42699333174,3434.7426576999464,3404365.0,33.05268558526329,3449.6822509765625,,21.858441545362894,33.217069090282294,0,-1,-0.009919753124503772,0.009919753124503772,1.0426902895175907,0.99014914900695
2025-06-02,3395.17919921875,3405.217654074579,3364.4732383699834,3395.375984554132,1877585.0,41.2224279439582,3449.4608154296875,,16.36332760567302,29.84632079336044,0,-1,-0.003926733539725058,0.003926733539725058,1.0385959225861963,0.9940372008796857
2025-06-03,3351.28515625,3418.503805107925,3346.6596197695403,3391.439214740725,2848125.0,31.232009696919363,3446.764196777344,,8.370043141392216,25.5510652629668,0,-1,-0.012928343510955287,0.012928343510955287,1.0251685977299243,1.0068884552753268
2025-06-04,3356.94482421875,3370.746482399833,3346.122152204125,3364.9875293233777,2544807.0,26.327720612463665,3445.0837646484374,,2.463596710857473,20.933571552544933,0,-1,0.0016888052507841866,-0.0016888052507841866,1.0268999078407097,1.0051880167651037
2025-06-05,3347.214111328125,3384.8454732776427,3339.866398705881,3384.8454732776427,3584683.0,26.986628853601445,3442.7298095703127,,-2.968275415005792,16.153202159034787,0,-1,-0.002898681211684684,0.002898681211684684,1.0239232523715711,1.0081017363835114
2025-06-06,3360.221435546875,3366.873914676264,3334.902114040244,3347.2144001409188,2070390.0,33.61009344543777,3441.4494018554688,,-6.152567878901209,11.692048151447588,0,-1,0.0038860149922075315,-0.0038860149922075315,1.027902233481157,1.0041842379222548
2025-06-09,3397.654296875,3409.668660230926,3366.873944962607,3375.909564585076,1718678.0,43.16489889287681,3433.17822265625,,-5.591171978240709,8.23540412550993,0,-1,0.011139998373956184,-0.011139998373956184,1.039353062690723,0.9929976271446485
2025-06-10,3438.36376953125,3461.1016586442274,3398.94510956099,3415.626122829056,2419874.0,45.41467087179437,3432.1290771484373,,-1.8401355253363365,6.220296195340677,0,-1,0.011981640596482324,-0.011981640596482324,1.0518062175407363,0.9810998864630415
2025-06-11,3447.300048828125,3464.278985186734,3424.6617902310286,3445.4136080819626,2847013.0,54.14759428347753,3429.8684204101564,,1.8325464888021088,5.342746254032964,0,-1,0.0025989918158348946,-0.0025989918158348946,1.054539853291969,0.9785500158876075
2025-06-12,3409.866943359375,3450.079980797376,3398.944883808313,3447.299771702225,4060134.0,41.98063763694931,3424.2008056640625,,1.7030035110474273,4.614797705435857,0,-1,-0.010858673436759614,0.010858673436759614,1.0430889493990232,0.9891757709516669
2025-06-13,3421.28564453125,3426.0516828925206,3369.157630228437,3369.157630228437,2178493.0,39.83342557135872,3420.0194091796875,,2.492995818414329,4.190437328031552,0,-1,0.0033487233846800635,-0.0033487233846800635,1.046581965756177,0.9858632949159221
2025-06-16,3471.527099609375,3484.1370655851665,3401.9236944953027,3415.625963412075,1934088.0,54.590807424210645,3420.441442871094,,7.091390813968701,4.770628025218981,0,-1,0.014684963577488386,-0.014684963577488386,1.0619509838041628,0.9713859283376991
2025-06-17,3490.392578125,3495.059228043925,3463.3853507540894,3485.13008250971,2111940.0,57.38978486149079,3422.815502929688,,12.118246822399216,6.240151784655028,0,-1,0.005434345743044355,-0.005434345743044355,1.0677219926123207,0.9661070813531839
2025-06-18,3426.945068359375,3512.9315625297536,3418.704071793645,3494.16557511537,2696327.0,47.96947676429056,3420.66396484375,,10.857227282773238,7.16356688427867,0,-1,-0.0181777574715416,0.0181777574715416,1.0483132011835827,0.983668741569561
2025-06-19,3399.739501953125,3426.548195455676,3388.817441637271,3425.555280881508,2672768.0,48.84307953892187,3419.553515625,,7.575275311538917,7.245908569730719,0,-1,-0.007938722641759322,0.007938722641759322,1.0399909334376913,0.9914778148802501
2025-06-20,3411.3564453125,3421.881436427704,3386.732116175425,3400.7323081895083,2351248.0,52.130832922786816,3417.173693847656,,5.844325228139496,6.965591901412475,0,-1,0.00341700984816673,-0.00341700984816673,1.043544592699252,0.9880899254225655
2025-06-23,3369.554931640625,3400.732351710977,3346.122051172553,3390.8032061585363,3123421.0,52.41979554630604,3411.5867553710937,,1.0869720752625651,5.789867936182493,0,-1,-0.012253634101858202,0.012253634101858202,1.0307573790913427,1.000197617828426
2025-06-24,3366.37744140625,3417.711318302596,3358.0370560315137,3410.264459071302,3403048.0,51.25760041663954,3407.740380859375,,-2.906161064067419,4.050662136132511,0,-1,-0.0009429999803647338,0.0009429999803647338,1.0297853749030987,1.001140804162399
2025-06-25,3420.39208984375,3425.555197020872,3375.909469527816,3383.157794223958,1757699.0,58.726034025293934,3406.6439453125,,-1.6927046903047085,2.9019887708450667,0,-1,0.01604533341185177,-0.01604533341185177,1.0463086245860678,0.9850771661674039
2025-06-26,3417.413330078125,3426.945164265374,3391.10109463089,3420.392073713661,2879106.0,56.98689461408605,3405.3788818359376,,-0.9603227868619796,2.1295264593036576,0,-1,-0.0008708825442761414,0.0008708825442761414,1.0453974126689902,0.9859350526761842
2025-06-27,3416.718505859375,3441.8390511551324,3406.689971497181,3430.5199217495656,1778433.0,52.55866746268344,3405.78662109375,,-0.4310030248411749,1.6174205624746911,0,-1,-0.00020331875358314822,0.00020331875358314822,1.0451848637700474,0.9861355117622082
2025-06-30,3437.47021484375,3440.3495701102424,3405.6969488486607,3415.526706051579,1468351.0,49.87328484459045,3407.901171875,3415.2016552734376,1.6440248903081738,1.622741428041388,-1,-1,0.006073578771206289,-0.006073578771206289,1.0515328763706273,0.9801461400524365
2025-07-01,3405.399169921875,3460.307396022409,3389.314001814202,3430.5199578930915,2375183.0,44.42390366381103,3410.6068725585938,3417.929462890625,0.6926497315967026,1.4367230887524511,-1,-1,-0.009329839363664938,0.009329839363664938,1.0417222435484768,0.9892907460920419
2025-07-02,3399.04443359375,3465.172397295891,3395.7677670907174,3462.4915764882385,3090585.0,48.42988367488473,3412.711853027344,3420.6718994140624,-0.567553643786141,1.0358677422447329,-1,-1,-0.0018660767830840364,0.0018660767830840364,1.0397783098553688,0.9911368385850442
2025-07-03,3376.703857421875,3410.959409470928,3373.5265793371623,3405.6969138623963,2531870.0,43.73080432825706,3414.1863403320312,3421.0267431640623,-3.330578847398101,0.1625784243161661,-1,-1,-0.006572604921276315,0.006572604921276315,1.032944257818977,0.9976511894479866
2025-07-04,3395.5693359375,3402.718272445599,3366.0798213348503,3383.852895387978,1109320.0,38.28485834801226,3415.9537353515625,3421.9832861328123,-3.952448411973819,-0.6604269429418309,-1,-1,0.005586950858648576,-0.005586950858648576,1.0387152666271349,0.9920773612784684
2025-07-07,3387.526611328125,3401.824726672673,3384.249944744325,3394.079944495724,1639174.0,33.5867996014139,3415.4473510742187,3421.8656640625,-5.036210878278325,-1.53558373000913,-1,-1,-0.002368593839110811,0.002368593839110811,1.0362549720460115,0.994427189604314
2025-07-08,3382.0654296875,3400.732271367233,3369.356075198484,3380.873980731512,2325242.0,41.21306852130685,3412.632434082031,3421.72740234375,-6.263569626592016,-2.481180909325708,-1,-1,-0.001612144277291394,0.001612144277291394,1.0345843795230127,0.9960303497072175
2025-07-09,3359.82421875,3389.810188927958,3343.143206245001,3385.838530827281,2034938.0,42.03010458315418,3408.258642578125,3420.57349609375,-8.92802342582263,-3.770549412625092,-1,-1,-0.0065762213652842405,0.0065762213652842405,1.027780723622204,1.0025804657734336
2025-07-10,3358.036865234375,3374.916411866245,3332.221088032692,3356.051036218861,3035012.0,38.91868414670158,3405.667138671875,3419.75388671875,-11.056395504234844,-5.227718630947043,-1,-1,-0.0005319782819739327,0.0005319782819739327,1.0272339665986057,1.0031138168071565
2025-07-11,3242.85888671875,3311.369989959287,3237.9937024384426,3276.518592650877,7635550.0,29.82288202217921,3396.74580078125,3417.077529296875,-21.785911566866616,-8.53935721813096,-1,-1,-0.03429920013924148,0.03429920013924148,0.9920006631884132,1.0375198183722636
2025-07-14,3199.865478515625,3248.816211355921,3177.326368074251,3242.8587244157825,3924009.0,26.466445604579505,3383.1627197265625,3413.0826806640625,-33.37362866271815,-13.506211507048398,-1,-1,-0.013257872052097608,0.013257872052097608,0.9788488453202652,1.0512751233757585
2025-07-15,3229.256103515625,3236.3056515140206,3183.2841104563845,3183.2841104563845,2590889.0,20.965357642198327,3370.1058959960938,3409.5634521484376,-39.72744685846829,-18.750458577332378,-1,-1,0.009184956429366453,-0.009184956429366453,0.9878395293154675,1.0416192071722752
2025-07-16,3221.08642578125,3232.842384321887,3208.632873739526,3215.008995091513,2540733.0,20.63985477561708,3359.812963867188,3406.174111328125,-44.90448729425134,-23.98126432071617,-1,-1,-0.002529894648331199,0.002529894648331199,0.9853403993768423,1.0442543940300992
2025-07-17,3197.275146484375,3229.9533162828457,3192.194243099011,3212.1199267281463,2947640.0,19.30509947054678,3349.68974609375,3402.23375,-50.3483163283704,-29.254674722247017,-1,-1,-0.007392313073717016,0.007392313073717016,0.9780564546604673,1.0519738494393744
2025-07-18,3178.046875,3216.802476353157,3175.157748110912,3213.016547743236,3432645.0,13.557539824077182,3338.024267578125,3398.078095703125,-55.57353376606807,-34.51844653101123,-1,-1,-0.00601395582282549,0.00601395582282549,0.9721744663499099,1.0583003736966707
2025-07-21,3146.464599609375,3185.718341629892,3140.287686436296,3178.14648468648,3844346.0,13.576182593704274,3326.8697509765625,3389.745830078125,-61.55343225962952,-39.925443676734886,-1,-1,-0.009937636741316203,0.009937636741316203,0.9625133496541416,1.0688173783736674
2025-07-22,3147.859619140625,3168.283445003984,3142.8781981983425,3147.859619140625,3198036.0,14.166321281419895,3315.943859863281,3383.516088867188,-65.42579069215299,-45.02551307981851,-1,-1,0.00044336094911834323,-0.00044336094911834323,0.9629400904863833,1.0683435064863576
2025-07-23,3167.287109375,3170.1762361812234,3145.866999671073,3147.859568015624,1922875.0,19.874506817975885,3303.288610839844,3377.0115673828127,-66.1643253919051,-49.25327554223583,-1,-1,0.006171650767475612,-0.006171650767475612,0.9688830204348666,1.0617500634646235
2025-07-24,3136.302734375,3161.9071902624382,3128.332460590057,3153.339291883696,2934778.0,13.960002769289671,3289.233081054688,3369.2732373046874,-68.46062807242924,-53.09474604827452,-1,-1,-0.009782622771484117,0.009782622771484117,0.9594048033362562,1.0721367638130972
2025-07-25,3124.14794921875,3145.169399267611,3113.9858993305074,3128.332294086445,2568917.0,13.80221387851519,3274.604553222656,3361.657924804688,-70.4491600075562,-56.565628840130856,-1,-1,-0.003875514000300173,0.003875514000300173,0.9556866165889714,1.0762918448514913
2025-07-28,3067.85791015625,3106.41405910006,3058.4926929668136,3098.443785696339,3374473.0,12.11023705500665,3256.1239379882813,3353.753354492188,-75.69466067957819,-60.391435208020326,-1,-1,-0.0180177251453717,0.0180177251453717,0.938467317806161,1.0956841754882305
2025-07-29,3044.64453125,3062.5776469445354,3029.899476365581,3048.629668071008,4785312.0,12.081909298005897,3238.0862060546874,3345.788017578125,-80.79354572648072,-64.4718573117124,-1,-1,-0.007566640824335891,0.007566640824335891,0.9313662726869439,1.1039748241010587
2025-07-30,3042.25341796875,3057.5960967882907,3035.877053384358,3048.629539319704,2880121.0,12.064383107646378,3220.2466552734377,3337.2335693359373,-84.05841859504835,-68.3891695683796,-1,-1,-0.0007853505579084041,0.0007853505579084041,0.9306348236650722,1.1048418313450834
2025-07-31,3025.515869140625,3048.430405452322,3003.796825207198,3030.3975643658264,2968371.0,15.801758320445174,3202.687255859375,3329.3049169921874,-86.9936258077646,-72.1100608162566,-1,-1,-0.005501694477279995,0.005501694477279995,0.9255147551953496,1.1109203335468625
2025-08-01,2991.84130859375,3025.515761579588,2988.8524561376125,3018.64125499041,2053847.0,16.279158121690998,3182.5008544921875,3319.962685546875,-90.9881989575606,-75.88568844451741,-1,-1,-0.011130188041763578,0.011130188041763578,0.9152136019345987,1.1232850857586578
2025-08-04,3062.97607421875,3067.957495262713,2980.483936317478,2997.9189099713494,2519252.0,26.25890879582151,3166.273327636719,3311.5963330078125,-87.40637953551959,-78.18982666271785,-1,-1,0.023776249569344765,-0.023776249569344765,0.9369739489434546,1.096577579222137
2025-08-05,3052.51513671875,3066.064699458969,3030.696609505827,3062.976121071088,1927996.0,26.088218304425467,3149.7958129882813,3303.780537109375,-84.43851740103719,-79.43956481038173,-1,-1,-0.0034152854108298047,0.0034152854108298047,0.9337739154853005,1.1003227046302975
2025-08-06,3021.032470703125,3055.40427380999,3014.75583192388,3051.618345400808,1487081.0,25.532536516983413,3132.8562255859374,3295.3547705078126,-83.66244472824656,-80.28414079395469,-1,-1,-0.010313680557032967,0.010313680557032967,0.9241432696084952,1.1116710815155049
2025-08-07,3035.677978515625,3040.2609831608825,2999.7120213520734,3004.793168100796,2543076.0,29.980438509701443,3116.73828125,3287.2140380859373,-80.9326897918354,-80.41385059353084,-1,-1,0.004847848526795762,-0.004847848526795762,0.9286233761966151,1.1062818685006985
2025-08-08,3025.1171875,3048.4303832570085,3013.759645138969,3036.7739069952254,2762140.0,31.86424573952678,3105.8511962890625,3279.545107421875,-78.71413931251118,-80.07390833732691,-1,-1,-0.0034788904127402986,0.0034788904127402986,0.9253927972361181,1.110130501886814
2025-08-11,3029.5009765625,3038.567016640599,3010.073435095005,3025.117180240026,1884215.0,32.46755501164135,3097.332971191406,3272.23154296875,-75.7292275381119,-79.20497217748391,-1,-1,0.0014491303281123358,-0.0014491303281123358,0.9267338120040097,1.1085217781083672
2025-08-12,3024.120849609375,3084.8941835228848,3015.652434227984,3029.700138212843,3358232.0,27.87190960527022,3087.076208496094,3265.6882568359374,-72.95679422351122,-77.95533658668937,-1,-1,-0.001775911938879715,0.001775911938879715,0.9250880143631083,1.1104904151686181
2025-08-13,3024.91796875,3033.087450352522,3017.3463549468943,3024.8184862723915,2148166.0,31.012264168219048,3077.267785644531,3259.0477197265627,-69.88965555015875,-76.34220037938324,-1,-1,0.00026358706555251743,-0.00026358706555251743,0.9253318555981921,1.1101977042587596
2025-08-14,3011.06982421875,3044.544827820162,3007.881763385299,3022.726300858826,3342174.0,30.834247824669248,3067.95751953125,3252.324833984375,-67.79485865415427,-74.63273203433745,-1,-1,-0.004578023164367839,0.004578023164367839,0.9210956649285361,1.115280215065884
2025-08-18,3000.010986328125,3037.67057838676,2992.2399207869066,3035.179867843642,2945609.0,36.418081139332685,3059.055725097656,3245.120625,-66.26323153141811,-72.95883193375359,-1,-1,-0.003672727148894439,0.003672727148894439,0.9177127318732241,1.1193763349903811
2025-08-19,3004.992431640625,3013.7597814697733,2999.911528031773,3000.0110105142285,2650784.0,41.43721326012757,3051.9821166992188,3237.2673876953127,-63.910721976922105,-71.1492099423873,-1,-1,0.0016604756899898376,-0.0016604756899898376,0.9192365715548938,1.1175176377981797
2025-08-20,3087.086181640625,3091.868151000454,2999.7118666132724,2999.7118666132724,4952358.0,57.202282013650354,3048.9434448242187,3230.2418359375,-54.79047122081374,-67.87746219807259,-1,-1,0.027319120386329665,-0.027319120386329665,0.9443493061167189,1.0869880389173245
2025-08-21,3091.071533203125,3118.369623669664,3071.643990819241,3118.369623669664,3230726.0,60.98129732718472,3045.132666015625,3223.117265625,-46.70266299698733,-63.64250235785555,-1,-1,0.0012909751552132587,-0.0012909751552132587,0.9455684376087584,1.0855847643650682
2025-08-22,3042.65185546875,3084.1968567150047,3038.666718788372,3074.532948911776,1593791.0,58.11066545492525,3040.4501220703123,3215.772963867188,-43.69637542725013,-59.65327697173446,-1,-1,-0.015664366616647052,0.015664366616647052,0.9307567069409247,1.102589762107529
2025-08-25,3128.93017578125,3140.2877180773667,3065.666130699425,3075.8281806328096,3448370.0,60.04245258470071,3040.6892333984374,3209.925854492188,-33.960456475293995,-54.51471287244637,-1,-1,0.02835629063424605,-0.02835629063424605,0.9571495146327154,1.0713244063628635
2025-08-26,3145.468505859375,3150.2507187850565,3108.4067813438887,3117.373339366996,5522097.0,63.89629198137413,3044.5697631835938,3203.4046826171875,-24.626289011257995,-48.53702810020869,-1,-1,0.00528561813431816,-0.00528561813431816,0.9622086414645119,1.0656617946528544
2025-08-28,3082.204345703125,3134.808199509225,3075.0311481917124,3133.313773226287,3116051.0,58.35144323711752,3046.44775390625,3195.24091796875,-22.07926700476173,-43.245475881119305,-1,-1,-0.020112794020477942,0.020112794020477942,0.9428559372540123,1.0870952308242001
2025-08-29,3073.23779296875,3103.425252579535,3065.7656615419933,3081.507000394383,2271789.0,55.20859078071475,3047.99697265625,3188.1667724609374,-20.5474019242979,-38.70586108975503,-1,-1,-0.0029091363610836973,0.0029091363610836973,0.940113040763683,1.0902577390881514
2025-09-01,3101.0341796875,3119.4654366830314,3078.518060334719,3078.518060334719,1246862.0,60.04745915178398,3051.7728881835938,3182.192666015625,-16.89568872501104,-34.34382661680623,-1,-1,0.009044658627570312,-0.009044658627570312,0.9486160422887175,1.0803967300220325
2025-09-02,3099.938232421875,3143.2765943406766,3091.569542586104,3109.502657862849,2185229.0,59.40406879148144,3057.177734375,3175.9643017578123,-13.929542396616398,-30.260969772768263,-1,-1,-0.0003534134750283746,0.0003534134750283746,0.9482807885967446,1.080778556784799
2025-09-03,3085.990234375,3130.225154484772,3076.525534705408,3118.2697443758125,1799774.0,58.075424632408,3058.3284423828127,3170.2930078125,-12.559558167036812,-26.720687451621977,-1,-1,-0.004499443860201624,0.004499443860201624,0.9440140524247458,1.0856414592263617
2025-09-04,3084.197021484375,3106.414208311097,3079.3153260834893,3104.421639864457,1481391.0,57.71725774452799,3059.9125366210938,3164.6493994140624,-11.48612815317574,-23.67377559193273,-1,-1,-0.0005810818422723463,0.0005810818422723463,0.9434655030000318,1.0862723057655364
2025-09-05,3036.97314453125,3091.868257451282,3017.3463946381216,3085.5918616420554,2802055.0,53.10261134017605,3060.7095703125,3156.9810205078124,-14.281372564181764,-21.79529498638254,-1,-1,-0.015311562985167781,0.015311562985167781,0.9290195715265138,1.102904832594309
2025-09-08,3007.781982421875,3053.5113296442846,3004.793129839144,3038.666792443431,2626187.0,50.89203641010694,3059.3147705078127,3148.7883935546874,-18.637267897037876,-21.16368956851361,-1,-1,-0.009611926322740216,0.009611926322740216,0.9200899038526172,1.1135058725861997
2025-09-09,3038.06884765625,3048.6295571410296,3019.538108052908,3020.833326119296,2489301.0,53.588385455651135,3059.962353515625,3141.215400390625,-19.421569658818044,-20.815265586574498,-1,-1,0.010069501516857926,-0.010069501516857926,0.9293547505351069,1.1022934235131627
2025-09-10,3098.44384765625,3111.0966082909868,3042.0540649039185,3045.0429174900823,2079428.0,51.29310416714152,3063.4094970703127,3134.434873046875,-14.998483350710105,-19.65190913940162,-1,-1,0.019872821528247098,-0.019872821528247098,0.9478236516289197,1.0803877430359252
2025-09-11,3112.591064453125,3127.336119333051,3098.543603103421,3127.336119333051,2263446.0,52.39465256564484,3067.8330078125,3128.5787109375,-10.233626546023515,-17.768252620726003,-1,-1,0.004565910338370838,-0.004565910338370838,0.9521513294388446,1.0754547894705484
2025-09-12,3121.7568359375,3137.0000329464906,3109.4030090679694,3132.3175458217547,1447167.0,59.64528324353287,3072.674951171875,3123.032958984375,-5.652681449056217,-15.345138386392046,-1,-1,0.002944740023529402,-0.002944740023529402,0.9549551675670999,1.0722878547084982
2025-09-15,3100.336669921875,3122.354647788361,3084.4958486128803,3122.354647788361,1732539.0,45.85856628507537,3077.138293457031,3117.505615234375,-3.707935070068743,-13.017697723127387,-1,-1,-0.006861574152425054,0.006861574152425054,0.9484026718725967,1.0796454373363251
2025-09-16,3134.01123046875,3138.295301272733,3097.5473738607,3116.377048374956,2573429.0,48.4190270593681,3083.8383056640623,3112.274453125,0.5442720234195804,-10.305303773817997,-1,-1,0.010861581864179737,-0.010861581864179737,0.9587038251333477,1.0679187800344085
2025-09-17,3161.010498046875,3170.5746802441777,3130.723313005144,3140.287738435889,2418271.0,62.08372016411609,3091.639208984375,3107.744130859375,6.0233585043401945,-7.039571318186358,-1,-1,0.008614923684905573,-0.008614923684905573,0.9669629854232986,1.0587187412427346
2025-09-18,3164.89599609375,3191.0983194206656,3149.652799058944,3173.1652036699406,2633138.0,64.27684837864724,3095.529699707032,3103.4007421875,10.557402075702612,-3.520176639408564,-1,-1,0.0012291949201927999,-0.0012291949201927999,0.9681515714129953,1.057417369544086
2025-09-19,3157.423828125,3168.681888196503,3132.3175150101574,3158.220904129198,4901694.0,59.37706036148687,3098.847314453125,3099.352734375,13.39333276144862,-0.1374747592371275,-1,-1,-0.002360952138071082,0.002360952138071082,0.9658658118904909,1.0599138813435445
2025-09-22,3062.37841796875,3095.355278998739,3053.6110683753386,3083.499594330073,3634901.0,45.24111341458812,3099.833642578125,3093.439565429688,7.8806151636122195,1.466143225332742,0,-1,-0.030102202089445695,0.030102202089445695,0.9367911240296768,1.0918196231971566
2025-09-23,3051.0205078125,3069.252556548476,3040.6592498638747,3058.592364705798,3177741.0,45.54000901737963,3095.938159179688,3089.6027978515626,2.5656827293259994,1.6860511261313933,0,-1,-0.003708852599537238,0.003708852599537238,0.9333167038340959,1.0958690212448772
2025-09-24,3024.120849609375,3045.640684813108,3021.7298649127106,3038.666695675492,1625714.0,42.79911788667372,3089.870776367188,3086.0879052734376,-3.7735183533905,0.5941372302270147,0,-1,-0.0088166100929985,0.0088166100929985,0.9250880143631082,1.105530871118189
2025-09-25,2946.41064453125,3018.3425546653493,2940.03452327195,3010.7706978406754,4974361.0,39.884242998075806,3083.081091308594,3080.43099609375,-14.896230508721146,-2.503936317562617,0,-1,-0.02569679220596055,0.02569679220596055,0.9013162198857947,1.1339394681905877
2025-09-26,2888.32763671875,2943.820618304199,2880.5565712711505,2930.07184762513,3934636.0,37.46603840382164,3073.835583496094,3073.7758203125,-28.074250848980228,-7.617999223846141,0,-1,-0.019713140773607418,0.019713140773607418,0.8835484463616503,1.1562929765557781
2025-09-29,2885.338623046875,2918.4152081680195,2883.2463290392707,2905.164580331207,3110035.0,33.00069292536787,3063.0508056640624,3067.53708984375,-38.317416014187984,-13.75788258191451,-1,-1,-0.0010348596308383806,0.0010348596308383806,0.8826340977426207,1.1574895774786376
2025-09-30,2877.667236328125,2904.467427717032,2874.379692997371,2900.183356935398,2253458.0,22.160808939562884,3051.937255859375,3061.5294970703126,-46.51798463099794,-20.3099029917312,-1,-1,-0.002658747454275967,0.002658747454275967,0.8802873965821904,1.16056704994611
2025-10-01,2903.371337890625,2913.932047598146,2855.948356386049,2880.257593329001,1952902.0,24.36523624459164,3042.8063110351563,3056.6676318359373,-50.3623424297125,-26.320390879327466,-1,-1,0.008932270291021727,-0.008932270291021727,0.8881503615422424,1.1502005513651377
2025-10-03,2891.116943359375,2913.134920868619,2880.35726888136,2913.134920868619,2899519.0,21.952997941381327,3033.152307128906,3051.5327783203124,-53.77793237786818,-31.811899179035606,-1,-1,-0.004220746540865572,0.004220746540865572,0.8844017039759944,1.1550552563636138
2025-10-06,2977.295654296875,2982.476526807699,2884.840673623438,2891.2167953135195,2112774.0,37.0734947855483,3030.168432617188,3047.73294921875,-48.966455454738025,-35.24281043417609,-1,-1,0.029808102759538713,-0.029808102759538713,0.910764040848822,1.120625250588982
2025-10-07,2962.650146484375,2993.335747140356,2944.517823489207,2983.87104765697,3062943.0,31.24726481701057,3027.9118408203126,3044.2598974609373,-45.80706013584995,-37.35566037451086,-1,-1,-0.004919063980550087,0.004919063980550087,0.9062839342607023,1.126137677894849
2025-10-08,3015.951416015625,3031.692754680041,2956.9714413047523,2963.9454305531126,4121889.0,34.98969270101759,3026.805969238281,3042.095966796875,-38.55777950874881,-37.59608420135845,-1,-1,0.017991077884947027,-0.017991077884947027,0.9225889591078628,1.1058772472226694
2025-10-09,3050.3232421875,3054.607312831964,3008.7782402976286,3022.726218895035,3211304.0,38.84794672375017,3024.399938964844,3041.7452734375,-29.696826735812465,-36.016232708249255,-1,-1,0.011396677675028277,-0.011396677675028277,0.933103408101355,1.0932739206879252
2025-10-10,3017.04736328125,3058.5923640088854,2995.726736367315,3038.666680855733,8817365.0,36.989850408011065,3019.62275390625,3041.193330078125,-25.07054551038345,-33.827095268676096,-1,-1,-0.010908968087718685,0.010908968087718685,0.9229242127998357,1.1052004109998448
2025-10-13,2996.02587890625,3024.220771178156,2987.059320862895,3015.752355248321,2866865.0,42.872436064875565,3013.3362060546874,3040.268779296875,-22.83718950886032,-31.62911411671294,-1,-1,-0.006967568567481042,0.006967568567481042,0.9164936750645644,1.1129009706442945
2025-10-14,2949.300048828125,3015.9513618688843,2944.517836211276,3009.774448720779,3611416.0,39.84485785135973,3005.784375,3038.744462890625,-24.554572938300225,-30.2142058810304,-1,-1,-0.015595936739766447,0.015595936739766447,0.9022000976858614,1.1302577037800876
2025-10-15,2969.800048828125,2979.699951171875,2951.0,2971.0,4282226.0,44.50675391418905,2997.5738159179687,3038.3036376953123,-23.984949437852265,-28.96835459239477,-1,-1,0.006950801770116755,-0.006950801770116755,0.9084711117218558,1.1224015065319648
2025-10-16,2970.699951171875,2975.0,2943.10009765625,2969.89990234375,3251495.0,52.90804703197335,2988.0582885742188,3036.458115234375,-23.19354338087305,-27.81339235009043,-1,-1,0.00030301782239683384,-0.00030301782239683384,0.9087463946598402,1.1220613988716006
2025-10-17,2962.199951171875,2988.800048828125,2955.39990234375,2970.0,4374683.0,60.03592729366516,2977.923486328125,3034.6518115234376,-22.98724469371382,-26.848162818815112,-1,-1,-0.002861278533581646,0.002861278533581646,0.9061462181083303,1.1252719290655526
2025-10-20,3015.199951171875,3023.0,2978.5,2985.5,3133039.0,65.53178293487136,2970.812292480469,3034.5351611328124,-18.335731537749325,-25.14567656260196,-1,-1,0.017892107512537336,-0.017892107512537336,0.9223590836648037,1.1051384427298714
2025-10-21,3006.699951171875,3031.800048828125,2996.0,3031.10009765625,310644.0,65.40214999114079,2968.028369140625,3033.9556005859376,-15.160492096036704,-23.148639669288908,-1,-1,-0.00281905019157902,0.00281905019157902,0.9197589071132938,1.1082538834685705
